CATEGORY,MAIN_CATEGORY
Accessories,Smartphones & Tablets
Camcorders,"TV,Video & HiFi"
Computer System Accessories,Computer Systems
Flat Screen Monitors,Computer Components
Flat Screen TVs,"TV,Video & HiFi"
Graphic Cards,Computer Components
Headsets,Computer Components
Ink Jet Printers,Printers & Scanners
Keyboards,Computer Components
Laser Printers,Printers & Scanners
MP3 Players,"TV,Video & HiFi"
Mice,Computer Components
Mousepads,Computer Components
Multifunction Printers,Printers & Scanners
Notebooks,Computer Systems
PCs,Computer Systems
PDAs & Organizers,Computer Components
Portable Players,"TV,Video & HiFi"
Projectors,"TV,Video & HiFi"
Scanners,Printers & Scanners
Servers,Computer Systems
Smartphones,Smartphones & Tablets
Software,Software
Speakers,Computer Components
Tablets,Smartphones & Tablets
Telecommunications,Computer Components
